{"cameraMode":{"drawMode":0,"name":"Shaded","section":"Shading Mode"},"sceneLighting":false,"audioPlay":false,"sceneViewState":{"showFog":false,"showMaterialUpdate":false,"showSkybox":false,"showFlares":false,"showImageEffects":false,"showParticleSystems":false},"in2DMode":false,"pivot":{"x":0.0344708152115345,"y":-5.0,"z":-0.005655664950609207},"rotation":{"x":-0.004176503978669643,"y":0.0812208279967308,"z":0.0003392385842744261,"w":0.9966873526573181},"size":8.573651313781739,"orthographic":false}